"index","parent","subba","time","start","end","start_act","end_act","start_match","end_match","n_obs","na","type","update","success","comments"
1,"CISO","PGAE",2024-02-25 05:06:56.40369,2018-07-01 08:00:00,2024-02-18,2018-07-01 08:00:00,2024-02-18,TRUE,TRUE,49385,98,"backfill",TRUE,TRUE,"Missing values were found;"
1,"CISO","SCE",2024-02-25 05:07:20.909571,2018-07-01 08:00:00,2024-02-18,2018-07-01 08:00:00,2024-02-18,TRUE,TRUE,49385,98,"backfill",TRUE,TRUE,"Missing values were found;"
1,"CISO","SDGE",2024-02-25 05:07:43.654281,2018-07-01 08:00:00,2024-02-18,2018-07-01 08:00:00,2024-02-18,TRUE,TRUE,49385,98,"backfill",TRUE,TRUE,"Missing values were found;"
1,"CISO","VEA",2024-02-25 05:08:06.627672,2018-07-01 08:00:00,2024-02-18,2018-07-01 08:00:00,2024-02-18,TRUE,TRUE,49385,98,"backfill",TRUE,TRUE,"Missing values were found;"
2,"CISO","PGAE",2024-02-25 05:09:59.441474,2024-02-18 01:00:00,2024-02-24 08:00:00,2024-02-18 01:00:00,2024-02-24 08:00:00,TRUE,TRUE,152,0,"refresh",TRUE,TRUE,NA
2,"CISO","SCE",2024-02-25 05:10:01.598798,2024-02-18 01:00:00,2024-02-24 08:00:00,2024-02-18 01:00:00,2024-02-24 08:00:00,TRUE,TRUE,152,0,"refresh",TRUE,TRUE,NA
2,"CISO","SDGE",2024-02-25 05:10:03.352159,2024-02-18 01:00:00,2024-02-24 08:00:00,2024-02-18 01:00:00,2024-02-24 08:00:00,TRUE,TRUE,152,0,"refresh",TRUE,TRUE,NA
2,"CISO","VEA",2024-02-25 05:10:05.13363,2024-02-18 01:00:00,2024-02-24 08:00:00,2024-02-18 01:00:00,2024-02-24 08:00:00,TRUE,TRUE,152,0,"refresh",TRUE,TRUE,NA
3,"CISO","PGAE",2024-02-25 05:10:30.006017,2024-02-24 09:00:00,2024-02-24 08:00:00,NA,NA,NA,NA,NA,NA,"refresh",FALSE,FALSE,"No new data is available; The data refresh failed, please check the log;"
3,"CISO","SCE",2024-02-25 05:10:30.006911,2024-02-24 09:00:00,2024-02-24 08:00:00,NA,NA,NA,NA,NA,NA,"refresh",FALSE,FALSE,"No new data is available; The data refresh failed, please check the log;"
3,"CISO","SDGE",2024-02-25 05:10:30.007455,2024-02-24 09:00:00,2024-02-24 08:00:00,NA,NA,NA,NA,NA,NA,"refresh",FALSE,FALSE,"No new data is available; The data refresh failed, please check the log;"
3,"CISO","VEA",2024-02-25 05:10:30.007987,2024-02-24 09:00:00,2024-02-24 08:00:00,NA,NA,NA,NA,NA,NA,"refresh",FALSE,FALSE,"No new data is available; The data refresh failed, please check the log;"
4,"CISO","PGAE",2024-02-25 06:04:12.324114,2024-02-24 09:00:00,2024-02-24 08:00:00,NA,NA,NA,NA,NA,NA,"refresh",FALSE,FALSE,"No new data is available; The data refresh failed, please check the log;"
4,"CISO","SCE",2024-02-25 06:04:12.325727,2024-02-24 09:00:00,2024-02-24 08:00:00,NA,NA,NA,NA,NA,NA,"refresh",FALSE,FALSE,"No new data is available; The data refresh failed, please check the log;"
4,"CISO","SDGE",2024-02-25 06:04:12.32704,2024-02-24 09:00:00,2024-02-24 08:00:00,NA,NA,NA,NA,NA,NA,"refresh",FALSE,FALSE,"No new data is available; The data refresh failed, please check the log;"
4,"CISO","VEA",2024-02-25 06:04:12.328302,2024-02-24 09:00:00,2024-02-24 08:00:00,NA,NA,NA,NA,NA,NA,"refresh",FALSE,FALSE,"No new data is available; The data refresh failed, please check the log;"
5,"CISO","PGAE",2024-02-25 07:05:55.732348,2024-02-24 09:00:00,2024-02-24 08:00:00,NA,NA,NA,NA,NA,NA,"refresh",FALSE,FALSE,"No new data is available; The data refresh failed, please check the log;"
5,"CISO","SCE",2024-02-25 07:05:55.733934,2024-02-24 09:00:00,2024-02-24 08:00:00,NA,NA,NA,NA,NA,NA,"refresh",FALSE,FALSE,"No new data is available; The data refresh failed, please check the log;"
5,"CISO","SDGE",2024-02-25 07:05:55.735257,2024-02-24 09:00:00,2024-02-24 08:00:00,NA,NA,NA,NA,NA,NA,"refresh",FALSE,FALSE,"No new data is available; The data refresh failed, please check the log;"
5,"CISO","VEA",2024-02-25 07:05:55.736508,2024-02-24 09:00:00,2024-02-24 08:00:00,NA,NA,NA,NA,NA,NA,"refresh",FALSE,FALSE,"No new data is available; The data refresh failed, please check the log;"
6,"CISO","PGAE",2024-02-25 08:03:59.635466,2024-02-24 09:00:00,2024-02-24 08:00:00,NA,NA,NA,NA,NA,NA,"refresh",FALSE,FALSE,"No new data is available; The data refresh failed, please check the log;"
6,"CISO","SCE",2024-02-25 08:03:59.637134,2024-02-24 09:00:00,2024-02-24 08:00:00,NA,NA,NA,NA,NA,NA,"refresh",FALSE,FALSE,"No new data is available; The data refresh failed, please check the log;"
6,"CISO","SDGE",2024-02-25 08:03:59.638567,2024-02-24 09:00:00,2024-02-24 08:00:00,NA,NA,NA,NA,NA,NA,"refresh",FALSE,FALSE,"No new data is available; The data refresh failed, please check the log;"
6,"CISO","VEA",2024-02-25 08:03:59.639927,2024-02-24 09:00:00,2024-02-24 08:00:00,NA,NA,NA,NA,NA,NA,"refresh",FALSE,FALSE,"No new data is available; The data refresh failed, please check the log;"
7,"CISO","PGAE",2024-02-25 09:04:04.924591,2024-02-24 09:00:00,2024-02-24 08:00:00,NA,NA,NA,NA,NA,NA,"refresh",FALSE,FALSE,"No new data is available; The data refresh failed, please check the log;"
7,"CISO","SCE",2024-02-25 09:04:04.926201,2024-02-24 09:00:00,2024-02-24 08:00:00,NA,NA,NA,NA,NA,NA,"refresh",FALSE,FALSE,"No new data is available; The data refresh failed, please check the log;"
7,"CISO","SDGE",2024-02-25 09:04:04.927618,2024-02-24 09:00:00,2024-02-24 08:00:00,NA,NA,NA,NA,NA,NA,"refresh",FALSE,FALSE,"No new data is available; The data refresh failed, please check the log;"
7,"CISO","VEA",2024-02-25 09:04:04.928954,2024-02-24 09:00:00,2024-02-24 08:00:00,NA,NA,NA,NA,NA,NA,"refresh",FALSE,FALSE,"No new data is available; The data refresh failed, please check the log;"
8,"CISO","PGAE",2024-02-25 10:04:01.416446,2024-02-24 09:00:00,2024-02-24 08:00:00,NA,NA,NA,NA,NA,NA,"refresh",FALSE,FALSE,"No new data is available; The data refresh failed, please check the log;"
8,"CISO","SCE",2024-02-25 10:04:01.418075,2024-02-24 09:00:00,2024-02-24 08:00:00,NA,NA,NA,NA,NA,NA,"refresh",FALSE,FALSE,"No new data is available; The data refresh failed, please check the log;"
8,"CISO","SDGE",2024-02-25 10:04:01.419419,2024-02-24 09:00:00,2024-02-24 08:00:00,NA,NA,NA,NA,NA,NA,"refresh",FALSE,FALSE,"No new data is available; The data refresh failed, please check the log;"
8,"CISO","VEA",2024-02-25 10:04:01.42071,2024-02-24 09:00:00,2024-02-24 08:00:00,NA,NA,NA,NA,NA,NA,"refresh",FALSE,FALSE,"No new data is available; The data refresh failed, please check the log;"
9,"CISO","PGAE",2024-02-25 11:04:34.503771,2024-02-24 09:00:00,2024-02-24 08:00:00,NA,NA,NA,NA,NA,NA,"refresh",FALSE,FALSE,"No new data is available; The data refresh failed, please check the log;"
9,"CISO","SCE",2024-02-25 11:04:34.506697,2024-02-24 09:00:00,2024-02-24 08:00:00,NA,NA,NA,NA,NA,NA,"refresh",FALSE,FALSE,"No new data is available; The data refresh failed, please check the log;"
9,"CISO","SDGE",2024-02-25 11:04:34.50892,2024-02-24 09:00:00,2024-02-24 08:00:00,NA,NA,NA,NA,NA,NA,"refresh",FALSE,FALSE,"No new data is available; The data refresh failed, please check the log;"
9,"CISO","VEA",2024-02-25 11:04:34.511131,2024-02-24 09:00:00,2024-02-24 08:00:00,NA,NA,NA,NA,NA,NA,"refresh",FALSE,FALSE,"No new data is available; The data refresh failed, please check the log;"
10,"CISO","PGAE",2024-02-25 12:05:18.674089,2024-02-24 09:00:00,2024-02-24 08:00:00,NA,NA,NA,NA,NA,NA,"refresh",FALSE,FALSE,"No new data is available; The data refresh failed, please check the log;"
10,"CISO","SCE",2024-02-25 12:05:18.676337,2024-02-24 09:00:00,2024-02-24 08:00:00,NA,NA,NA,NA,NA,NA,"refresh",FALSE,FALSE,"No new data is available; The data refresh failed, please check the log;"
10,"CISO","SDGE",2024-02-25 12:05:18.678216,2024-02-24 09:00:00,2024-02-24 08:00:00,NA,NA,NA,NA,NA,NA,"refresh",FALSE,FALSE,"No new data is available; The data refresh failed, please check the log;"
10,"CISO","VEA",2024-02-25 12:05:18.679818,2024-02-24 09:00:00,2024-02-24 08:00:00,NA,NA,NA,NA,NA,NA,"refresh",FALSE,FALSE,"No new data is available; The data refresh failed, please check the log;"
11,"CISO","PGAE",2024-02-25 13:04:15.26372,2024-02-24 09:00:00,2024-02-24 08:00:00,NA,NA,NA,NA,NA,NA,"refresh",FALSE,FALSE,"No new data is available; The data refresh failed, please check the log;"
11,"CISO","SCE",2024-02-25 13:04:15.265386,2024-02-24 09:00:00,2024-02-24 08:00:00,NA,NA,NA,NA,NA,NA,"refresh",FALSE,FALSE,"No new data is available; The data refresh failed, please check the log;"
11,"CISO","SDGE",2024-02-25 13:04:15.266791,2024-02-24 09:00:00,2024-02-24 08:00:00,NA,NA,NA,NA,NA,NA,"refresh",FALSE,FALSE,"No new data is available; The data refresh failed, please check the log;"
11,"CISO","VEA",2024-02-25 13:04:15.268129,2024-02-24 09:00:00,2024-02-24 08:00:00,NA,NA,NA,NA,NA,NA,"refresh",FALSE,FALSE,"No new data is available; The data refresh failed, please check the log;"
12,"CISO","PGAE",2024-02-25 14:04:07.12112,2024-02-24 09:00:00,2024-02-24 08:00:00,NA,NA,NA,NA,NA,NA,"refresh",FALSE,FALSE,"No new data is available; The data refresh failed, please check the log;"
12,"CISO","SCE",2024-02-25 14:04:07.12274,2024-02-24 09:00:00,2024-02-24 08:00:00,NA,NA,NA,NA,NA,NA,"refresh",FALSE,FALSE,"No new data is available; The data refresh failed, please check the log;"
12,"CISO","SDGE",2024-02-25 14:04:07.124072,2024-02-24 09:00:00,2024-02-24 08:00:00,NA,NA,NA,NA,NA,NA,"refresh",FALSE,FALSE,"No new data is available; The data refresh failed, please check the log;"
12,"CISO","VEA",2024-02-25 14:04:07.125329,2024-02-24 09:00:00,2024-02-24 08:00:00,NA,NA,NA,NA,NA,NA,"refresh",FALSE,FALSE,"No new data is available; The data refresh failed, please check the log;"
13,"CISO","PGAE",2024-02-25 15:07:37.130243,2024-02-24 09:00:00,2024-02-25 08:00:00,2024-02-24 09:00:00,2024-02-25 08:00:00,TRUE,TRUE,24,0,"refresh",TRUE,TRUE,NA
13,"CISO","SCE",2024-02-25 15:07:39.035724,2024-02-24 09:00:00,2024-02-25 08:00:00,2024-02-24 09:00:00,2024-02-25 08:00:00,TRUE,TRUE,24,0,"refresh",TRUE,TRUE,NA
13,"CISO","SDGE",2024-02-25 15:07:40.968679,2024-02-24 09:00:00,2024-02-25 08:00:00,2024-02-24 09:00:00,2024-02-25 08:00:00,TRUE,TRUE,24,0,"refresh",TRUE,TRUE,NA
13,"CISO","VEA",2024-02-25 15:07:42.899167,2024-02-24 09:00:00,2024-02-25 08:00:00,2024-02-24 09:00:00,2024-02-25 08:00:00,TRUE,TRUE,24,0,"refresh",TRUE,TRUE,NA
14,"CISO","PGAE",2024-02-25 16:04:05.371605,2024-02-25 09:00:00,2024-02-25 08:00:00,NA,NA,NA,NA,NA,NA,"refresh",FALSE,FALSE,"No new data is available; The data refresh failed, please check the log;"
14,"CISO","SCE",2024-02-25 16:04:05.373228,2024-02-25 09:00:00,2024-02-25 08:00:00,NA,NA,NA,NA,NA,NA,"refresh",FALSE,FALSE,"No new data is available; The data refresh failed, please check the log;"
14,"CISO","SDGE",2024-02-25 16:04:05.374568,2024-02-25 09:00:00,2024-02-25 08:00:00,NA,NA,NA,NA,NA,NA,"refresh",FALSE,FALSE,"No new data is available; The data refresh failed, please check the log;"
14,"CISO","VEA",2024-02-25 16:04:05.375869,2024-02-25 09:00:00,2024-02-25 08:00:00,NA,NA,NA,NA,NA,NA,"refresh",FALSE,FALSE,"No new data is available; The data refresh failed, please check the log;"
15,"CISO","PGAE",2024-02-25 17:04:17.553129,2024-02-25 09:00:00,2024-02-25 08:00:00,NA,NA,NA,NA,NA,NA,"refresh",FALSE,FALSE,"No new data is available; The data refresh failed, please check the log;"
15,"CISO","SCE",2024-02-25 17:04:17.554908,2024-02-25 09:00:00,2024-02-25 08:00:00,NA,NA,NA,NA,NA,NA,"refresh",FALSE,FALSE,"No new data is available; The data refresh failed, please check the log;"
15,"CISO","SDGE",2024-02-25 17:04:17.556393,2024-02-25 09:00:00,2024-02-25 08:00:00,NA,NA,NA,NA,NA,NA,"refresh",FALSE,FALSE,"No new data is available; The data refresh failed, please check the log;"
15,"CISO","VEA",2024-02-25 17:04:17.557762,2024-02-25 09:00:00,2024-02-25 08:00:00,NA,NA,NA,NA,NA,NA,"refresh",FALSE,FALSE,"No new data is available; The data refresh failed, please check the log;"
16,"CISO","PGAE",2024-02-25 18:04:18.105435,2024-02-25 09:00:00,2024-02-25 08:00:00,NA,NA,NA,NA,NA,NA,"refresh",FALSE,FALSE,"No new data is available; The data refresh failed, please check the log;"
16,"CISO","SCE",2024-02-25 18:04:18.107119,2024-02-25 09:00:00,2024-02-25 08:00:00,NA,NA,NA,NA,NA,NA,"refresh",FALSE,FALSE,"No new data is available; The data refresh failed, please check the log;"
16,"CISO","SDGE",2024-02-25 18:04:18.108464,2024-02-25 09:00:00,2024-02-25 08:00:00,NA,NA,NA,NA,NA,NA,"refresh",FALSE,FALSE,"No new data is available; The data refresh failed, please check the log;"
16,"CISO","VEA",2024-02-25 18:04:18.109738,2024-02-25 09:00:00,2024-02-25 08:00:00,NA,NA,NA,NA,NA,NA,"refresh",FALSE,FALSE,"No new data is available; The data refresh failed, please check the log;"
17,"CISO","PGAE",2024-02-25 19:03:48.799315,2024-02-25 09:00:00,2024-02-25 08:00:00,NA,NA,NA,NA,NA,NA,"refresh",FALSE,FALSE,"No new data is available; The data refresh failed, please check the log;"
17,"CISO","SCE",2024-02-25 19:03:48.801116,2024-02-25 09:00:00,2024-02-25 08:00:00,NA,NA,NA,NA,NA,NA,"refresh",FALSE,FALSE,"No new data is available; The data refresh failed, please check the log;"
17,"CISO","SDGE",2024-02-25 19:03:48.802623,2024-02-25 09:00:00,2024-02-25 08:00:00,NA,NA,NA,NA,NA,NA,"refresh",FALSE,FALSE,"No new data is available; The data refresh failed, please check the log;"
17,"CISO","VEA",2024-02-25 19:03:48.804007,2024-02-25 09:00:00,2024-02-25 08:00:00,NA,NA,NA,NA,NA,NA,"refresh",FALSE,FALSE,"No new data is available; The data refresh failed, please check the log;"
18,"CISO","PGAE",2024-02-25 20:03:56.363558,2024-02-25 09:00:00,2024-02-25 08:00:00,NA,NA,NA,NA,NA,NA,"refresh",FALSE,FALSE,"No new data is available; The data refresh failed, please check the log;"
18,"CISO","SCE",2024-02-25 20:03:56.365304,2024-02-25 09:00:00,2024-02-25 08:00:00,NA,NA,NA,NA,NA,NA,"refresh",FALSE,FALSE,"No new data is available; The data refresh failed, please check the log;"
18,"CISO","SDGE",2024-02-25 20:03:56.366745,2024-02-25 09:00:00,2024-02-25 08:00:00,NA,NA,NA,NA,NA,NA,"refresh",FALSE,FALSE,"No new data is available; The data refresh failed, please check the log;"
18,"CISO","VEA",2024-02-25 20:03:56.368099,2024-02-25 09:00:00,2024-02-25 08:00:00,NA,NA,NA,NA,NA,NA,"refresh",FALSE,FALSE,"No new data is available; The data refresh failed, please check the log;"
19,"CISO","PGAE",2024-02-25 21:04:08.883555,2024-02-25 09:00:00,2024-02-25 08:00:00,NA,NA,NA,NA,NA,NA,"refresh",FALSE,FALSE,"No new data is available; The data refresh failed, please check the log;"
19,"CISO","SCE",2024-02-25 21:04:08.885559,2024-02-25 09:00:00,2024-02-25 08:00:00,NA,NA,NA,NA,NA,NA,"refresh",FALSE,FALSE,"No new data is available; The data refresh failed, please check the log;"
19,"CISO","SDGE",2024-02-25 21:04:08.88751,2024-02-25 09:00:00,2024-02-25 08:00:00,NA,NA,NA,NA,NA,NA,"refresh",FALSE,FALSE,"No new data is available; The data refresh failed, please check the log;"
19,"CISO","VEA",2024-02-25 21:04:08.889105,2024-02-25 09:00:00,2024-02-25 08:00:00,NA,NA,NA,NA,NA,NA,"refresh",FALSE,FALSE,"No new data is available; The data refresh failed, please check the log;"
20,"CISO","PGAE",2024-02-25 22:04:01.537173,2024-02-25 09:00:00,2024-02-25 08:00:00,NA,NA,NA,NA,NA,NA,"refresh",FALSE,FALSE,"No new data is available; The data refresh failed, please check the log;"
20,"CISO","SCE",2024-02-25 22:04:01.538875,2024-02-25 09:00:00,2024-02-25 08:00:00,NA,NA,NA,NA,NA,NA,"refresh",FALSE,FALSE,"No new data is available; The data refresh failed, please check the log;"
20,"CISO","SDGE",2024-02-25 22:04:01.540305,2024-02-25 09:00:00,2024-02-25 08:00:00,NA,NA,NA,NA,NA,NA,"refresh",FALSE,FALSE,"No new data is available; The data refresh failed, please check the log;"
20,"CISO","VEA",2024-02-25 22:04:01.541686,2024-02-25 09:00:00,2024-02-25 08:00:00,NA,NA,NA,NA,NA,NA,"refresh",FALSE,FALSE,"No new data is available; The data refresh failed, please check the log;"
21,"CISO","PGAE",2024-02-25 23:07:44.435626,2024-02-25 09:00:00,2024-02-25 08:00:00,NA,NA,NA,NA,NA,NA,"refresh",FALSE,FALSE,"No new data is available; The data refresh failed, please check the log;"
21,"CISO","SCE",2024-02-25 23:07:44.437304,2024-02-25 09:00:00,2024-02-25 08:00:00,NA,NA,NA,NA,NA,NA,"refresh",FALSE,FALSE,"No new data is available; The data refresh failed, please check the log;"
21,"CISO","SDGE",2024-02-25 23:07:44.438666,2024-02-25 09:00:00,2024-02-25 08:00:00,NA,NA,NA,NA,NA,NA,"refresh",FALSE,FALSE,"No new data is available; The data refresh failed, please check the log;"
21,"CISO","VEA",2024-02-25 23:07:44.439957,2024-02-25 09:00:00,2024-02-25 08:00:00,NA,NA,NA,NA,NA,NA,"refresh",FALSE,FALSE,"No new data is available; The data refresh failed, please check the log;"
22,"CISO","PGAE",2024-02-26 00:08:55.388761,2024-02-25 09:00:00,2024-02-25 08:00:00,NA,NA,NA,NA,NA,NA,"refresh",FALSE,FALSE,"No new data is available; The data refresh failed, please check the log;"
22,"CISO","SCE",2024-02-26 00:08:55.390329,2024-02-25 09:00:00,2024-02-25 08:00:00,NA,NA,NA,NA,NA,NA,"refresh",FALSE,FALSE,"No new data is available; The data refresh failed, please check the log;"
22,"CISO","SDGE",2024-02-26 00:08:55.391631,2024-02-25 09:00:00,2024-02-25 08:00:00,NA,NA,NA,NA,NA,NA,"refresh",FALSE,FALSE,"No new data is available; The data refresh failed, please check the log;"
22,"CISO","VEA",2024-02-26 00:08:55.392887,2024-02-25 09:00:00,2024-02-25 08:00:00,NA,NA,NA,NA,NA,NA,"refresh",FALSE,FALSE,"No new data is available; The data refresh failed, please check the log;"
23,"CISO","PGAE",2024-02-26 01:25:23.285576,2024-02-25 09:00:00,2024-02-25 08:00:00,NA,NA,NA,NA,NA,NA,"refresh",FALSE,FALSE,"No new data is available; The data refresh failed, please check the log;"
23,"CISO","SCE",2024-02-26 01:25:23.287213,2024-02-25 09:00:00,2024-02-25 08:00:00,NA,NA,NA,NA,NA,NA,"refresh",FALSE,FALSE,"No new data is available; The data refresh failed, please check the log;"
23,"CISO","SDGE",2024-02-26 01:25:23.288588,2024-02-25 09:00:00,2024-02-25 08:00:00,NA,NA,NA,NA,NA,NA,"refresh",FALSE,FALSE,"No new data is available; The data refresh failed, please check the log;"
23,"CISO","VEA",2024-02-26 01:25:23.28986,2024-02-25 09:00:00,2024-02-25 08:00:00,NA,NA,NA,NA,NA,NA,"refresh",FALSE,FALSE,"No new data is available; The data refresh failed, please check the log;"
24,"CISO","PGAE",2024-02-26 02:10:57.154622,2024-02-25 09:00:00,2024-02-25 08:00:00,NA,NA,NA,NA,NA,NA,"refresh",FALSE,FALSE,"No new data is available; The data refresh failed, please check the log;"
24,"CISO","SCE",2024-02-26 02:10:57.156254,2024-02-25 09:00:00,2024-02-25 08:00:00,NA,NA,NA,NA,NA,NA,"refresh",FALSE,FALSE,"No new data is available; The data refresh failed, please check the log;"
24,"CISO","SDGE",2024-02-26 02:10:57.157606,2024-02-25 09:00:00,2024-02-25 08:00:00,NA,NA,NA,NA,NA,NA,"refresh",FALSE,FALSE,"No new data is available; The data refresh failed, please check the log;"
24,"CISO","VEA",2024-02-26 02:10:57.158872,2024-02-25 09:00:00,2024-02-25 08:00:00,NA,NA,NA,NA,NA,NA,"refresh",FALSE,FALSE,"No new data is available; The data refresh failed, please check the log;"
25,"CISO","PGAE",2024-02-26 03:04:06.267049,2024-02-25 09:00:00,2024-02-25 08:00:00,NA,NA,NA,NA,NA,NA,"refresh",FALSE,FALSE,"No new data is available; The data refresh failed, please check the log;"
25,"CISO","SCE",2024-02-26 03:04:06.268914,2024-02-25 09:00:00,2024-02-25 08:00:00,NA,NA,NA,NA,NA,NA,"refresh",FALSE,FALSE,"No new data is available; The data refresh failed, please check the log;"
25,"CISO","SDGE",2024-02-26 03:04:06.270441,2024-02-25 09:00:00,2024-02-25 08:00:00,NA,NA,NA,NA,NA,NA,"refresh",FALSE,FALSE,"No new data is available; The data refresh failed, please check the log;"
25,"CISO","VEA",2024-02-26 03:04:06.271831,2024-02-25 09:00:00,2024-02-25 08:00:00,NA,NA,NA,NA,NA,NA,"refresh",FALSE,FALSE,"No new data is available; The data refresh failed, please check the log;"
26,"CISO","PGAE",2024-02-26 04:04:17.761299,2024-02-25 09:00:00,2024-02-25 08:00:00,NA,NA,NA,NA,NA,NA,"refresh",FALSE,FALSE,"No new data is available; The data refresh failed, please check the log;"
26,"CISO","SCE",2024-02-26 04:04:17.76293,2024-02-25 09:00:00,2024-02-25 08:00:00,NA,NA,NA,NA,NA,NA,"refresh",FALSE,FALSE,"No new data is available; The data refresh failed, please check the log;"
26,"CISO","SDGE",2024-02-26 04:04:17.764326,2024-02-25 09:00:00,2024-02-25 08:00:00,NA,NA,NA,NA,NA,NA,"refresh",FALSE,FALSE,"No new data is available; The data refresh failed, please check the log;"
26,"CISO","VEA",2024-02-26 04:04:17.765607,2024-02-25 09:00:00,2024-02-25 08:00:00,NA,NA,NA,NA,NA,NA,"refresh",FALSE,FALSE,"No new data is available; The data refresh failed, please check the log;"
27,"CISO","PGAE",2024-02-26 05:04:07.222586,2024-02-25 09:00:00,2024-02-25 08:00:00,NA,NA,NA,NA,NA,NA,"refresh",FALSE,FALSE,"No new data is available; The data refresh failed, please check the log;"
27,"CISO","SCE",2024-02-26 05:04:07.22433,2024-02-25 09:00:00,2024-02-25 08:00:00,NA,NA,NA,NA,NA,NA,"refresh",FALSE,FALSE,"No new data is available; The data refresh failed, please check the log;"
27,"CISO","SDGE",2024-02-26 05:04:07.22578,2024-02-25 09:00:00,2024-02-25 08:00:00,NA,NA,NA,NA,NA,NA,"refresh",FALSE,FALSE,"No new data is available; The data refresh failed, please check the log;"
27,"CISO","VEA",2024-02-26 05:04:07.22715,2024-02-25 09:00:00,2024-02-25 08:00:00,NA,NA,NA,NA,NA,NA,"refresh",FALSE,FALSE,"No new data is available; The data refresh failed, please check the log;"
28,"CISO","PGAE",2024-02-26 06:04:10.173813,2024-02-25 09:00:00,2024-02-25 08:00:00,NA,NA,NA,NA,NA,NA,"refresh",FALSE,FALSE,"No new data is available; The data refresh failed, please check the log;"
28,"CISO","SCE",2024-02-26 06:04:10.175428,2024-02-25 09:00:00,2024-02-25 08:00:00,NA,NA,NA,NA,NA,NA,"refresh",FALSE,FALSE,"No new data is available; The data refresh failed, please check the log;"
28,"CISO","SDGE",2024-02-26 06:04:10.176759,2024-02-25 09:00:00,2024-02-25 08:00:00,NA,NA,NA,NA,NA,NA,"refresh",FALSE,FALSE,"No new data is available; The data refresh failed, please check the log;"
28,"CISO","VEA",2024-02-26 06:04:10.178035,2024-02-25 09:00:00,2024-02-25 08:00:00,NA,NA,NA,NA,NA,NA,"refresh",FALSE,FALSE,"No new data is available; The data refresh failed, please check the log;"
29,"CISO","PGAE",2024-02-26 07:03:54.95721,2024-02-25 09:00:00,2024-02-25 08:00:00,NA,NA,NA,NA,NA,NA,"refresh",FALSE,FALSE,"No new data is available; The data refresh failed, please check the log;"
29,"CISO","SCE",2024-02-26 07:03:54.958881,2024-02-25 09:00:00,2024-02-25 08:00:00,NA,NA,NA,NA,NA,NA,"refresh",FALSE,FALSE,"No new data is available; The data refresh failed, please check the log;"
29,"CISO","SDGE",2024-02-26 07:03:54.960268,2024-02-25 09:00:00,2024-02-25 08:00:00,NA,NA,NA,NA,NA,NA,"refresh",FALSE,FALSE,"No new data is available; The data refresh failed, please check the log;"
29,"CISO","VEA",2024-02-26 07:03:54.961553,2024-02-25 09:00:00,2024-02-25 08:00:00,NA,NA,NA,NA,NA,NA,"refresh",FALSE,FALSE,"No new data is available; The data refresh failed, please check the log;"
30,"CISO","PGAE",2024-02-26 08:05:17.731842,2024-02-25 09:00:00,2024-02-25 08:00:00,NA,NA,NA,NA,NA,NA,"refresh",FALSE,FALSE,"No new data is available; The data refresh failed, please check the log;"
30,"CISO","SCE",2024-02-26 08:05:17.733776,2024-02-25 09:00:00,2024-02-25 08:00:00,NA,NA,NA,NA,NA,NA,"refresh",FALSE,FALSE,"No new data is available; The data refresh failed, please check the log;"
30,"CISO","SDGE",2024-02-26 08:05:17.735453,2024-02-25 09:00:00,2024-02-25 08:00:00,NA,NA,NA,NA,NA,NA,"refresh",FALSE,FALSE,"No new data is available; The data refresh failed, please check the log;"
30,"CISO","VEA",2024-02-26 08:05:17.737036,2024-02-25 09:00:00,2024-02-25 08:00:00,NA,NA,NA,NA,NA,NA,"refresh",FALSE,FALSE,"No new data is available; The data refresh failed, please check the log;"
31,"CISO","PGAE",2024-02-26 09:04:07.22594,2024-02-25 09:00:00,2024-02-25 08:00:00,NA,NA,NA,NA,NA,NA,"refresh",FALSE,FALSE,"No new data is available; The data refresh failed, please check the log;"
31,"CISO","SCE",2024-02-26 09:04:07.227814,2024-02-25 09:00:00,2024-02-25 08:00:00,NA,NA,NA,NA,NA,NA,"refresh",FALSE,FALSE,"No new data is available; The data refresh failed, please check the log;"
31,"CISO","SDGE",2024-02-26 09:04:07.229463,2024-02-25 09:00:00,2024-02-25 08:00:00,NA,NA,NA,NA,NA,NA,"refresh",FALSE,FALSE,"No new data is available; The data refresh failed, please check the log;"
31,"CISO","VEA",2024-02-26 09:04:07.230905,2024-02-25 09:00:00,2024-02-25 08:00:00,NA,NA,NA,NA,NA,NA,"refresh",FALSE,FALSE,"No new data is available; The data refresh failed, please check the log;"
32,"CISO","PGAE",2024-02-26 10:04:07.645507,2024-02-25 09:00:00,2024-02-25 08:00:00,NA,NA,NA,NA,NA,NA,"refresh",FALSE,FALSE,"No new data is available; The data refresh failed, please check the log;"
32,"CISO","SCE",2024-02-26 10:04:07.647161,2024-02-25 09:00:00,2024-02-25 08:00:00,NA,NA,NA,NA,NA,NA,"refresh",FALSE,FALSE,"No new data is available; The data refresh failed, please check the log;"
32,"CISO","SDGE",2024-02-26 10:04:07.648528,2024-02-25 09:00:00,2024-02-25 08:00:00,NA,NA,NA,NA,NA,NA,"refresh",FALSE,FALSE,"No new data is available; The data refresh failed, please check the log;"
32,"CISO","VEA",2024-02-26 10:04:07.649812,2024-02-25 09:00:00,2024-02-25 08:00:00,NA,NA,NA,NA,NA,NA,"refresh",FALSE,FALSE,"No new data is available; The data refresh failed, please check the log;"
33,"CISO","PGAE",2024-02-26 11:04:25.575747,2024-02-25 09:00:00,2024-02-25 08:00:00,NA,NA,NA,NA,NA,NA,"refresh",FALSE,FALSE,"No new data is available; The data refresh failed, please check the log;"
33,"CISO","SCE",2024-02-26 11:04:25.577763,2024-02-25 09:00:00,2024-02-25 08:00:00,NA,NA,NA,NA,NA,NA,"refresh",FALSE,FALSE,"No new data is available; The data refresh failed, please check the log;"
33,"CISO","SDGE",2024-02-26 11:04:25.579455,2024-02-25 09:00:00,2024-02-25 08:00:00,NA,NA,NA,NA,NA,NA,"refresh",FALSE,FALSE,"No new data is available; The data refresh failed, please check the log;"
33,"CISO","VEA",2024-02-26 11:04:25.581057,2024-02-25 09:00:00,2024-02-25 08:00:00,NA,NA,NA,NA,NA,NA,"refresh",FALSE,FALSE,"No new data is available; The data refresh failed, please check the log;"
34,"CISO","PGAE",2024-02-26 12:04:45.216685,2024-02-25 09:00:00,2024-02-25 08:00:00,NA,NA,NA,NA,NA,NA,"refresh",FALSE,FALSE,"No new data is available; The data refresh failed, please check the log;"
34,"CISO","SCE",2024-02-26 12:04:45.218342,2024-02-25 09:00:00,2024-02-25 08:00:00,NA,NA,NA,NA,NA,NA,"refresh",FALSE,FALSE,"No new data is available; The data refresh failed, please check the log;"
34,"CISO","SDGE",2024-02-26 12:04:45.21976,2024-02-25 09:00:00,2024-02-25 08:00:00,NA,NA,NA,NA,NA,NA,"refresh",FALSE,FALSE,"No new data is available; The data refresh failed, please check the log;"
34,"CISO","VEA",2024-02-26 12:04:45.221158,2024-02-25 09:00:00,2024-02-25 08:00:00,NA,NA,NA,NA,NA,NA,"refresh",FALSE,FALSE,"No new data is available; The data refresh failed, please check the log;"
35,"CISO","PGAE",2024-02-26 13:04:30.48769,2024-02-25 09:00:00,2024-02-25 08:00:00,NA,NA,NA,NA,NA,NA,"refresh",FALSE,FALSE,"No new data is available; The data refresh failed, please check the log;"
35,"CISO","SCE",2024-02-26 13:04:30.490418,2024-02-25 09:00:00,2024-02-25 08:00:00,NA,NA,NA,NA,NA,NA,"refresh",FALSE,FALSE,"No new data is available; The data refresh failed, please check the log;"
35,"CISO","SDGE",2024-02-26 13:04:30.492355,2024-02-25 09:00:00,2024-02-25 08:00:00,NA,NA,NA,NA,NA,NA,"refresh",FALSE,FALSE,"No new data is available; The data refresh failed, please check the log;"
35,"CISO","VEA",2024-02-26 13:04:30.494674,2024-02-25 09:00:00,2024-02-25 08:00:00,NA,NA,NA,NA,NA,NA,"refresh",FALSE,FALSE,"No new data is available; The data refresh failed, please check the log;"
36,"CISO","PGAE",2024-02-26 14:04:11.765439,2024-02-25 09:00:00,2024-02-25 08:00:00,NA,NA,NA,NA,NA,NA,"refresh",FALSE,FALSE,"No new data is available; The data refresh failed, please check the log;"
36,"CISO","SCE",2024-02-26 14:04:11.767267,2024-02-25 09:00:00,2024-02-25 08:00:00,NA,NA,NA,NA,NA,NA,"refresh",FALSE,FALSE,"No new data is available; The data refresh failed, please check the log;"
36,"CISO","SDGE",2024-02-26 14:04:11.768973,2024-02-25 09:00:00,2024-02-25 08:00:00,NA,NA,NA,NA,NA,NA,"refresh",FALSE,FALSE,"No new data is available; The data refresh failed, please check the log;"
36,"CISO","VEA",2024-02-26 14:04:11.771191,2024-02-25 09:00:00,2024-02-25 08:00:00,NA,NA,NA,NA,NA,NA,"refresh",FALSE,FALSE,"No new data is available; The data refresh failed, please check the log;"
37,"CISO","PGAE",2024-02-26 15:04:07.91242,2024-02-25 09:00:00,2024-02-26 08:00:00,2024-02-25 09:00:00,2024-02-26 08:00:00,TRUE,TRUE,24,0,"refresh",TRUE,TRUE,NA
37,"CISO","SCE",2024-02-26 15:04:09.794016,2024-02-25 09:00:00,2024-02-26 08:00:00,2024-02-25 09:00:00,2024-02-26 08:00:00,TRUE,TRUE,24,0,"refresh",TRUE,TRUE,NA
37,"CISO","SDGE",2024-02-26 15:04:11.841373,2024-02-25 09:00:00,2024-02-26 08:00:00,2024-02-25 09:00:00,2024-02-26 08:00:00,TRUE,TRUE,24,0,"refresh",TRUE,TRUE,NA
37,"CISO","VEA",2024-02-26 15:04:14.550656,2024-02-25 09:00:00,2024-02-26 08:00:00,2024-02-25 09:00:00,2024-02-26 08:00:00,TRUE,TRUE,24,0,"refresh",TRUE,TRUE,NA
38,"CISO","PGAE",2024-02-26 16:04:12.023515,2024-02-26 09:00:00,2024-02-26 08:00:00,NA,NA,NA,NA,NA,NA,"refresh",FALSE,FALSE,"No new data is available; The data refresh failed, please check the log;"
38,"CISO","SCE",2024-02-26 16:04:12.025128,2024-02-26 09:00:00,2024-02-26 08:00:00,NA,NA,NA,NA,NA,NA,"refresh",FALSE,FALSE,"No new data is available; The data refresh failed, please check the log;"
38,"CISO","SDGE",2024-02-26 16:04:12.026475,2024-02-26 09:00:00,2024-02-26 08:00:00,NA,NA,NA,NA,NA,NA,"refresh",FALSE,FALSE,"No new data is available; The data refresh failed, please check the log;"
38,"CISO","VEA",2024-02-26 16:04:12.027747,2024-02-26 09:00:00,2024-02-26 08:00:00,NA,NA,NA,NA,NA,NA,"refresh",FALSE,FALSE,"No new data is available; The data refresh failed, please check the log;"
39,"CISO","PGAE",2024-02-26 17:03:53.935905,2024-02-26 09:00:00,2024-02-26 08:00:00,NA,NA,NA,NA,NA,NA,"refresh",FALSE,FALSE,"No new data is available; The data refresh failed, please check the log;"
39,"CISO","SCE",2024-02-26 17:03:53.937792,2024-02-26 09:00:00,2024-02-26 08:00:00,NA,NA,NA,NA,NA,NA,"refresh",FALSE,FALSE,"No new data is available; The data refresh failed, please check the log;"
39,"CISO","SDGE",2024-02-26 17:03:53.939399,2024-02-26 09:00:00,2024-02-26 08:00:00,NA,NA,NA,NA,NA,NA,"refresh",FALSE,FALSE,"No new data is available; The data refresh failed, please check the log;"
39,"CISO","VEA",2024-02-26 17:03:53.940885,2024-02-26 09:00:00,2024-02-26 08:00:00,NA,NA,NA,NA,NA,NA,"refresh",FALSE,FALSE,"No new data is available; The data refresh failed, please check the log;"
40,"CISO","PGAE",2024-02-26 18:04:08.566928,2024-02-26 09:00:00,2024-02-26 08:00:00,NA,NA,NA,NA,NA,NA,"refresh",FALSE,FALSE,"No new data is available; The data refresh failed, please check the log;"
40,"CISO","SCE",2024-02-26 18:04:08.56862,2024-02-26 09:00:00,2024-02-26 08:00:00,NA,NA,NA,NA,NA,NA,"refresh",FALSE,FALSE,"No new data is available; The data refresh failed, please check the log;"
40,"CISO","SDGE",2024-02-26 18:04:08.570053,2024-02-26 09:00:00,2024-02-26 08:00:00,NA,NA,NA,NA,NA,NA,"refresh",FALSE,FALSE,"No new data is available; The data refresh failed, please check the log;"
40,"CISO","VEA",2024-02-26 18:04:08.571421,2024-02-26 09:00:00,2024-02-26 08:00:00,NA,NA,NA,NA,NA,NA,"refresh",FALSE,FALSE,"No new data is available; The data refresh failed, please check the log;"
41,"CISO","PGAE",2024-02-26 19:04:02.671932,2024-02-26 09:00:00,2024-02-26 08:00:00,NA,NA,NA,NA,NA,NA,"refresh",FALSE,FALSE,"No new data is available; The data refresh failed, please check the log;"
41,"CISO","SCE",2024-02-26 19:04:02.673595,2024-02-26 09:00:00,2024-02-26 08:00:00,NA,NA,NA,NA,NA,NA,"refresh",FALSE,FALSE,"No new data is available; The data refresh failed, please check the log;"
41,"CISO","SDGE",2024-02-26 19:04:02.674937,2024-02-26 09:00:00,2024-02-26 08:00:00,NA,NA,NA,NA,NA,NA,"refresh",FALSE,FALSE,"No new data is available; The data refresh failed, please check the log;"
41,"CISO","VEA",2024-02-26 19:04:02.676212,2024-02-26 09:00:00,2024-02-26 08:00:00,NA,NA,NA,NA,NA,NA,"refresh",FALSE,FALSE,"No new data is available; The data refresh failed, please check the log;"
42,"CISO","PGAE",2024-02-26 20:04:10.949221,2024-02-26 09:00:00,2024-02-26 08:00:00,NA,NA,NA,NA,NA,NA,"refresh",FALSE,FALSE,"No new data is available; The data refresh failed, please check the log;"
42,"CISO","SCE",2024-02-26 20:04:10.950997,2024-02-26 09:00:00,2024-02-26 08:00:00,NA,NA,NA,NA,NA,NA,"refresh",FALSE,FALSE,"No new data is available; The data refresh failed, please check the log;"
42,"CISO","SDGE",2024-02-26 20:04:10.952463,2024-02-26 09:00:00,2024-02-26 08:00:00,NA,NA,NA,NA,NA,NA,"refresh",FALSE,FALSE,"No new data is available; The data refresh failed, please check the log;"
42,"CISO","VEA",2024-02-26 20:04:10.953868,2024-02-26 09:00:00,2024-02-26 08:00:00,NA,NA,NA,NA,NA,NA,"refresh",FALSE,FALSE,"No new data is available; The data refresh failed, please check the log;"
43,"CISO","PGAE",2024-02-26 21:04:16.926603,2024-02-26 09:00:00,2024-02-26 08:00:00,NA,NA,NA,NA,NA,NA,"refresh",FALSE,FALSE,"No new data is available; The data refresh failed, please check the log;"
43,"CISO","SCE",2024-02-26 21:04:16.928624,2024-02-26 09:00:00,2024-02-26 08:00:00,NA,NA,NA,NA,NA,NA,"refresh",FALSE,FALSE,"No new data is available; The data refresh failed, please check the log;"
43,"CISO","SDGE",2024-02-26 21:04:16.930296,2024-02-26 09:00:00,2024-02-26 08:00:00,NA,NA,NA,NA,NA,NA,"refresh",FALSE,FALSE,"No new data is available; The data refresh failed, please check the log;"
43,"CISO","VEA",2024-02-26 21:04:16.931854,2024-02-26 09:00:00,2024-02-26 08:00:00,NA,NA,NA,NA,NA,NA,"refresh",FALSE,FALSE,"No new data is available; The data refresh failed, please check the log;"
44,"CISO","PGAE",2024-02-26 22:03:49.251977,2024-02-26 09:00:00,2024-02-26 08:00:00,NA,NA,NA,NA,NA,NA,"refresh",FALSE,FALSE,"No new data is available; The data refresh failed, please check the log;"
44,"CISO","SCE",2024-02-26 22:03:49.253651,2024-02-26 09:00:00,2024-02-26 08:00:00,NA,NA,NA,NA,NA,NA,"refresh",FALSE,FALSE,"No new data is available; The data refresh failed, please check the log;"
44,"CISO","SDGE",2024-02-26 22:03:49.255123,2024-02-26 09:00:00,2024-02-26 08:00:00,NA,NA,NA,NA,NA,NA,"refresh",FALSE,FALSE,"No new data is available; The data refresh failed, please check the log;"
44,"CISO","VEA",2024-02-26 22:03:49.256483,2024-02-26 09:00:00,2024-02-26 08:00:00,NA,NA,NA,NA,NA,NA,"refresh",FALSE,FALSE,"No new data is available; The data refresh failed, please check the log;"
45,"CISO","PGAE",2024-02-26 23:04:28.620181,2024-02-26 09:00:00,2024-02-26 08:00:00,NA,NA,NA,NA,NA,NA,"refresh",FALSE,FALSE,"No new data is available; The data refresh failed, please check the log;"
45,"CISO","SCE",2024-02-26 23:04:28.622028,2024-02-26 09:00:00,2024-02-26 08:00:00,NA,NA,NA,NA,NA,NA,"refresh",FALSE,FALSE,"No new data is available; The data refresh failed, please check the log;"
45,"CISO","SDGE",2024-02-26 23:04:28.623524,2024-02-26 09:00:00,2024-02-26 08:00:00,NA,NA,NA,NA,NA,NA,"refresh",FALSE,FALSE,"No new data is available; The data refresh failed, please check the log;"
45,"CISO","VEA",2024-02-26 23:04:28.624996,2024-02-26 09:00:00,2024-02-26 08:00:00,NA,NA,NA,NA,NA,NA,"refresh",FALSE,FALSE,"No new data is available; The data refresh failed, please check the log;"
46,"CISO","PGAE",2024-02-27 00:09:21.89388,2024-02-26 09:00:00,2024-02-26 08:00:00,NA,NA,NA,NA,NA,NA,"refresh",FALSE,FALSE,"No new data is available; The data refresh failed, please check the log;"
46,"CISO","SCE",2024-02-27 00:09:21.89551,2024-02-26 09:00:00,2024-02-26 08:00:00,NA,NA,NA,NA,NA,NA,"refresh",FALSE,FALSE,"No new data is available; The data refresh failed, please check the log;"
46,"CISO","SDGE",2024-02-27 00:09:21.896854,2024-02-26 09:00:00,2024-02-26 08:00:00,NA,NA,NA,NA,NA,NA,"refresh",FALSE,FALSE,"No new data is available; The data refresh failed, please check the log;"
46,"CISO","VEA",2024-02-27 00:09:21.898134,2024-02-26 09:00:00,2024-02-26 08:00:00,NA,NA,NA,NA,NA,NA,"refresh",FALSE,FALSE,"No new data is available; The data refresh failed, please check the log;"
47,"CISO","PGAE",2024-02-27 01:24:12.461407,2024-02-26 09:00:00,2024-02-26 08:00:00,NA,NA,NA,NA,NA,NA,"refresh",FALSE,FALSE,"No new data is available; The data refresh failed, please check the log;"
47,"CISO","SCE",2024-02-27 01:24:12.463724,2024-02-26 09:00:00,2024-02-26 08:00:00,NA,NA,NA,NA,NA,NA,"refresh",FALSE,FALSE,"No new data is available; The data refresh failed, please check the log;"
47,"CISO","SDGE",2024-02-27 01:24:12.465633,2024-02-26 09:00:00,2024-02-26 08:00:00,NA,NA,NA,NA,NA,NA,"refresh",FALSE,FALSE,"No new data is available; The data refresh failed, please check the log;"
47,"CISO","VEA",2024-02-27 01:24:12.467688,2024-02-26 09:00:00,2024-02-26 08:00:00,NA,NA,NA,NA,NA,NA,"refresh",FALSE,FALSE,"No new data is available; The data refresh failed, please check the log;"
48,"CISO","PGAE",2024-02-27 02:09:20.183455,2024-02-26 09:00:00,2024-02-26 08:00:00,NA,NA,NA,NA,NA,NA,"refresh",FALSE,FALSE,"No new data is available; The data refresh failed, please check the log;"
48,"CISO","SCE",2024-02-27 02:09:20.185848,2024-02-26 09:00:00,2024-02-26 08:00:00,NA,NA,NA,NA,NA,NA,"refresh",FALSE,FALSE,"No new data is available; The data refresh failed, please check the log;"
48,"CISO","SDGE",2024-02-27 02:09:20.187621,2024-02-26 09:00:00,2024-02-26 08:00:00,NA,NA,NA,NA,NA,NA,"refresh",FALSE,FALSE,"No new data is available; The data refresh failed, please check the log;"
48,"CISO","VEA",2024-02-27 02:09:20.189372,2024-02-26 09:00:00,2024-02-26 08:00:00,NA,NA,NA,NA,NA,NA,"refresh",FALSE,FALSE,"No new data is available; The data refresh failed, please check the log;"
49,"CISO","PGAE",2024-02-27 03:04:01.94846,2024-02-26 09:00:00,2024-02-26 08:00:00,NA,NA,NA,NA,NA,NA,"refresh",FALSE,FALSE,"No new data is available; The data refresh failed, please check the log;"
49,"CISO","SCE",2024-02-27 03:04:01.950132,2024-02-26 09:00:00,2024-02-26 08:00:00,NA,NA,NA,NA,NA,NA,"refresh",FALSE,FALSE,"No new data is available; The data refresh failed, please check the log;"
49,"CISO","SDGE",2024-02-27 03:04:01.951499,2024-02-26 09:00:00,2024-02-26 08:00:00,NA,NA,NA,NA,NA,NA,"refresh",FALSE,FALSE,"No new data is available; The data refresh failed, please check the log;"
49,"CISO","VEA",2024-02-27 03:04:01.952795,2024-02-26 09:00:00,2024-02-26 08:00:00,NA,NA,NA,NA,NA,NA,"refresh",FALSE,FALSE,"No new data is available; The data refresh failed, please check the log;"
50,"CISO","PGAE",2024-02-27 04:04:07.906448,2024-02-26 09:00:00,2024-02-26 08:00:00,NA,NA,NA,NA,NA,NA,"refresh",FALSE,FALSE,"No new data is available; The data refresh failed, please check the log; "
50,"CISO","SCE",2024-02-27 04:04:07.908017,2024-02-26 09:00:00,2024-02-26 08:00:00,NA,NA,NA,NA,NA,NA,"refresh",FALSE,FALSE,"No new data is available; The data refresh failed, please check the log; "
50,"CISO","SDGE",2024-02-27 04:04:07.909345,2024-02-26 09:00:00,2024-02-26 08:00:00,NA,NA,NA,NA,NA,NA,"refresh",FALSE,FALSE,"No new data is available; The data refresh failed, please check the log; "
50,"CISO","VEA",2024-02-27 04:04:07.910651,2024-02-26 09:00:00,2024-02-26 08:00:00,NA,NA,NA,NA,NA,NA,"refresh",FALSE,FALSE,"No new data is available; The data refresh failed, please check the log; "
